episode,length,total_reward,avg_q,exploration
0,2204,-140.93401160599058,0.045599002,0.9950248756218907
1,2489,-87.5734488623903,0.25104302,0.990074503106359
2,1482,-87.39274599395294,0.014643768,0.98514875930981
3,1102,-91.71250922837874,0.10414036,0.9802475217013037
4,1425,-100.77064361265087,0.22052324,0.9753706683595063
5,2299,-164.48467595440394,0.55708176,0.970518077969658
6,1425,-177.58734972913788,0.43305746,0.9656896298205554
7,2090,-384.14559549818847,0.4523309,0.9608852038015477
8,1368,-100.25287709776283,0.45253587,0.9561046803995501
9,1805,-234.53541398619473,0.45558327,0.9513479406960699
10,1976,-146.27775339133075,0.9079782,0.9466148663642487
11,1387,-74.64351593146773,1.3306081,0.9419053396659193
12,1881,-442.2563263249454,0.965682,0.937219243448676
13,1368,-279.44967700873707,1.1349726,0.9325564611429613
14,1159,-104.0006890057377,1.1112444,0.9279168767591656
15,2166,-341.0541498051226,1.1837614,0.9233003748847419
16,1729,-84.46466591789066,0.9450388,0.9187068406813353
17,1919,-126.06702046429888,1.2049729,0.9141361598819259
18,1387,-85.90239407194039,1.0464127,0.909588218787986
19,1824,-325.9875376627924,1.0319251,0.9050629042666528
20,1957,-419.68022700246473,0.7778262,0.9005601037479133
21,1634,-302.63649398683026,1.065111,0.8960797052218044
22,2090,-134.7673548814394,1.5341651,0.8916215972356263
23,1254,-71.0132690357207,1.5681993,0.8871856688911706
24,2945,-128.29486881776296,1.4546779,0.8827718098419609
25,1539,-339.30018644713755,1.4366953,0.8783799102905084
26,1805,-138.9545718860843,1.546581,0.8740098609855806
27,2964,-129.17762778271754,1.5840666,0.8696615532194834
28,1368,-95.88507631972597,1.5522541,0.8653348788253566
29,1824,-173.81806994909377,1.3454607,0.8610297301744844
30,1406,-112.39505827829804,1.2687824,0.8567460001736164
31,2014,-110.4978658028207,1.7380192,0.8524835822623049
32,2033,-75.38633721013308,2.3568056,0.8482423704102537
33,1615,-292.8507597504122,1.7227129,0.8440222591146804
34,1311,-71.95097859088163,2.1349053,0.839823143397692
35,1311,-115.57215046205621,2.0846155,0.8356449188036738
36,1729,-320.819840366256,2.359261,0.8314874813966904
37,2147,-54.92348451774961,2.1644084,0.827350727757901
38,2280,-172.37598231631696,2.4083743,0.8232345549829861
39,1311,-106.82918311243954,1.9830577,0.8191388606795883
40,2299,-75.40517675761127,2.2749596,0.8150635429647646
41,2128,-109.32340917338433,2.1724288,0.8110085004624524
42,2907,-36.0624756071074,3.5282922,0.8069736323009478
43,1919,-174.0619991537659,2.8834338,0.8029588381103959
44,2109,-103.58579765491282,2.493219,0.7989640180202945
45,1881,-64.37829176541925,2.6639924,0.7949890726570096
46,2565,-184.28138690807083,2.555069,0.7910339031413032
47,2546,-156.23285180215393,2.60128,0.7870984110858739
48,1995,-148.92506633179153,2.4432142,0.7831824985929094
49,2109,-84.06942091671603,2.9351337,0.7792860682516513
50,2508,-67.12826203915998,3.1318803,0.7754090231359715
51,2166,-219.97907038579172,3.0088062,0.7715512668019617
52,1387,-129.6957807605465,3.3896866,0.7677127032855341
53,2432,-182.64044753685653,3.6417,0.763893237100034
54,2755,4.062261759470303,3.648301,0.7600927732338647
55,2489,-71.86398972488499,3.9191825,0.7563112171481242
56,1805,-290.97151084103103,3.3807392,0.752548474774253
57,2584,-106.33529085382979,3.663154,0.7488044525116946
58,3021,-73.01887360834661,4.139801,0.7450790572255668
59,1900,-227.28705660830633,4.4426155,0.7413721962443451
60,2033,-40.601962581622104,4.4657307,0.7376837773575574
61,1577,-108.9358475615997,4.2718487,0.73401370881349
62,2223,-41.70782771443112,4.770095,0.7303618993169055
63,2128,-123.5279835389223,4.695186,0.7267282580267718
64,1653,-134.28379849516242,4.004487,0.7231126945540018
65,1311,-90.69322464829133,4.7000265,0.719515118959206
66,2565,-64.80790644155148,4.5090666,0.7159354417504538
67,2888,-84.06452335997785,4.3768454,0.7123735738810486
68,2470,-85.89553724447592,5.8965645,0.7088294267473121
69,2451,-275.24008774199655,6.1618447,0.7053029121863803
70,1900,-40.13866268667581,5.484151,0.7017939424740103
71,2394,12.273284415898772,5.66256,0.6983024303223984
72,1976,-179.10572943546686,5.7778635,0.6948282888780084
73,2812,-213.08182735875363,5.169036,0.6913714317194114
74,2432,-44.215786794540314,5.5234,0.6879317728551358
75,2888,-291.2991326849797,6.764881,0.6845092267215283
76,2128,-26.30863900367231,6.6567373,0.6811037081806252
77,3002,-22.95879973260959,6.7844515,0.6777151325180351
78,2698,-84.74270931601734,6.590213,0.674343415440831
79,1710,-32.45412534048563,7.3316674,0.6709884730754538
80,1672,-53.81406776670862,7.2271476,0.6676502219656257
81,2337,-43.11153259937856,6.696817,0.6643285790702744
82,2584,-72.06968689957124,6.2748685,0.6610234617614672
83,2223,-181.7945699846082,6.784995,0.6577347878223555
84,2888,-74.35750690078218,7.634458,0.6544624754451299
85,2774,-30.808336206980528,7.7404375,0.651206443228985
86,3192,-20.190808196837736,7.881695,0.6479666101780946
87,3097,-61.3062503631092,7.630721,0.6447428956995968
88,1976,-67.6289143345711,7.7126284,0.6415352196015889
89,3325,7.7909262323724136,7.2719865,0.6383435020911333
90,1957,-26.67772889446985,7.6382217,0.6351676637722721
91,1501,-66.10435320093406,8.651792,0.6320076256440519
92,2907,2.0747009075043934,8.402024,0.6288633090985591
93,2698,-0.5149797148436903,9.110771,0.6257346359189644
94,2679,11.842409352448001,9.110884,0.6226215282775766
95,3382,-90.4381381425141,8.906392,0.6195239087339071
96,2204,-103.97517127735375,9.099394,0.6164417002327434
97,2299,-54.37664137340212,8.954737,0.6133748261022323
98,2964,-32.660436142239135,10.3874,0.6103232100519724
99,2280,-74.25690173348528,9.8547535,0.6072867761711169
100,1311,-71.30237126240547,11.20533,0.6042654489264846
101,4826,-68.21238839620415,10.046123,0.6012591531606812
102,2508,-314.75771654321846,10.095777,0.5982678140902301
103,4465,-24.640578410199765,10.250967,0.5952913573037116
104,1273,-56.42535265395365,10.027896,0.5923297087599121
105,1615,-33.648587175042735,10.272249,0.5893827947859822
106,3496,-17.732091273379837,11.070427,0.5864505420756042
107,2356,-57.661459557325415,11.260141,0.5835328776871684
108,2869,-176.9267586853225,11.3414135,0.5806297290419588
109,3477,-0.7572652258789105,11.400282,0.577741023922347
110,19000,36.68480480025606,12.00782,0.5748666904699972
111,2223,-30.256694658344827,11.912328,0.5720066571840768
112,3515,-64.02055013969091,12.460176,0.5691608529194795
113,2907,-51.6962977974954,13.240634,0.5663292068850543
114,1691,-33.46620641461054,13.0045595,0.5635116486418451
115,2052,13.189170894888832,12.862045,0.5607081081013385
116,3059,-51.710456621046795,13.518689,0.55791851552372
117,1596,-17.83229253123079,14.044278,0.5551428015161394
118,2945,-31.154053355500736,13.705698,0.5523808970309845
119,2223,1.074469593949999,13.559057,0.5496327333641637
120,2584,-14.640736343469058,13.491588,0.5468982421533968
121,3705,-73.05767982829983,14.2300005,0.5441773553765142
122,2793,9.061185399456974,14.051099,0.5414700053497654
123,5719,-9.22241859644241,14.456688,0.5387761247261348
124,1995,-31.09622066468215,14.544731,0.5360956464936665
125,19000,41.97636643926306,15.092621,0.5334285039737976
126,2147,-38.50286518880621,14.767862,0.5307746308196991
127,3819,-46.657635221562686,16.372013,0.5281339610146261
128,2375,-14.24855085473304,15.884409,0.5255064288702748
129,2584,-44.98089750380019,15.135956,0.5228919690251491
130,3515,-145.51861717925357,15.575951,0.5202905164429344
131,4807,-3.9223333540613368,15.769533,0.5177020064108802
132,3249,-95.24370963270843,15.260757,0.5151263745381892
133,2660,-44.063432168966244,16.354576,0.5125635567544172
134,5738,-62.580194580168495,16.617262,0.5100134893078779
135,2147,-51.65897842405009,16.11029,0.5074761087640577
136,6023,-52.94006350472894,16.268682,0.5049513520040375
137,3363,-6.0108439634636,15.665899,0.5024391562229229
138,19000,-67.24661616712635,16.928349,0.49993945892828157
139,6612,-17.38309583688148,17.560812,0.4974521979385887
140,3230,34.094393539991046,17.480778,0.49497731138168033
141,2299,-99.16383388581518,17.262186,0.4925147376932143
142,2527,-60.03986975876866,16.936972,0.49006441561513864
143,2014,-29.95408841975086,16.77034,0.48762628419416787
144,19000,35.98785003406837,17.578419,0.4852002827802666
145,2052,-49.29824943655551,18.052334,0.48278635102514095
146,12597,-95.8081344942998,18.30864,0.4803844288807373
147,3059,-10.183072547496295,18.07597,0.4779944565977486
148,2717,-45.300490564252016,18.445665,0.475616374724128
149,19000,41.42022827548681,17.961857,0.47325012410361
150,5510,-9.055701638160897,18.659534,0.4708956458742389
151,1862,-37.899750544964355,18.31992,0.4685528814669044
152,19000,13.22927006916649,19.121088,0.46622177260388503
153,4332,-13.480908642914969,19.718515,0.4639022612973981
154,1805,3.954277695831408,20.07833,0.46159428984815737
155,6954,-45.370114199148055,18.93426,0.45929780084393773
156,6973,-44.99633637799539,19.162958,0.45701273715814705
157,1615,-16.539444491224486,19.750935,0.4547390419484051
158,1767,-9.134476385208288,19.513716,0.4524766586551295
159,2128,-3.832140799616468,18.777857,0.4502255310001289
160,19000,19.68466837936312,19.813068,0.44798560298520296
161,3439,-12.590536907696006,19.381186,0.44575681889074925
162,5776,-3.4612380102445,19.880627,0.4435391232743774
163,2717,-60.02723794017089,20.427248,0.44133246096952977
164,19000,64.79889841199214,20.10313,0.43913677708410925
165,2546,-9.430470478707903,19.574146,0.43695201699911373
166,19000,-11.425403658673869,19.621054,0.4347781263672774
167,2489,13.605231675144708,19.525852,0.4326150511117189
168,3686,-3.2826172833415797,19.488287,0.43046273742459595
169,19000,-15.889270826391442,20.632895,0.42832113176576714
170,2204,-25.514919761091022,20.95439,0.4261901808614599
171,3287,-0.9517091946242431,20.579248,0.4240698317029452
172,2565,-47.802075607962195,20.274109,0.42196003154521916
173,2869,21.68226607003649,20.835796,0.41986072790569073
174,3306,-17.118049000774022,21.773405,0.4177718685628764
175,19000,12.406096375409037,21.065342,0.4156934015551009
176,3420,-9.630698658056303,19.884863,0.41362527517920494
177,1425,-27.136209300715578,20.969902,0.4115674379892587
178,2470,-34.75765335152522,21.059956,0.40951983879528236
179,1501,-50.70615894217758,21.132181,0.40748242666197254
180,19000,38.13426210286966,20.423914,0.4054551509074354
181,19000,1.6829541249715718,20.908396,0.4034379611019258
182,1919,-29.536685805898202,21.484657,0.4014308070665929
183,18696,-75.78296816399339,21.862595,0.39943363887223177
184,3078,25.299037493489607,21.416656,0.3974464068380416
185,2014,-39.684484579315196,21.944195,0.3954690615303897
186,19000,10.664955989221946,22.814627,0.3935015537615818
187,1938,4.1066812425743535,22.204502,0.3915438345886387
188,2166,18.672225461754863,22.249615,0.3895958553120783
189,1729,-66.42314343278423,22.860237,0.3876575674747048
190,19000,-9.962825442814783,24.23383,0.38572892286040283
191,19000,6.899025922924904,23.931812,0.38380987349293816
192,19000,89.43815002885046,23.581745,0.38190037163476437
193,19000,47.16813734772609,26.24743,0.38000036978583523
194,1843,-44.01180909349148,25.445652,0.37810982068242316
195,19000,-15.745561953166339,26.294556,0.3762286772959435
196,19000,57.10678956234252,26.945383,0.37435689283178464
197,19000,-34.78830939240967,28.483334,0.372494420728144
198,1786,-27.098469522418526,26.966467,0.37064121465486966
199,1938,-21.33331097215921,27.464823,0.3687972285123082
200,19000,2.3851920103980535,27.657873,0.3669624164301574
201,19000,-0.8256006901594237,28.766546,0.36513673276632586
202,19000,-5.471374285555524,29.316162,0.3633201321057969
203,2204,-0.9196764257136181,30.206585,0.36151256925949943
204,1938,39.525040669134,29.462458,0.35971399926318354
205,1786,-1.6161102696255938,30.010391,0.35792437737630206
206,19000,-9.658149348484862,30.489038,0.3561436590808976
207,1976,-43.288624501429254,29.419239,0.3543718000804952
208,1425,-1.8758591177896875,30.27275,0.35260875629900024
209,19000,-38.590370250840735,31.02039,0.3508544838796023
210,2147,-39.469717938184004,30.850567,0.3491089391836839
211,2375,8.747642043866534,31.330463,0.34737207878973525
212,1748,-10.53287189950423,31.635355,0.34564385949227394
213,2508,-20.943208680501314,31.667011,0.3439242383007701
214,19000,16.410977257738928,32.33146,0.3422131724385773
215,2223,19.216989787560095,31.710743,0.340510619341868
216,2147,-36.92366714098509,33.325478,0.33881653665857514
217,1482,25.402371274940307,33.843475,0.3371308822473385
218,19000,32.42760716836172,35.1969,0.33545361417645625
219,19000,-84.46677202242506,36.14432,0.33378469072284206
220,3629,-128.69851920121164,34.985527,0.3321240703709872
221,1919,-40.480170885394614,35.35851,0.3304717118119276
222,2527,-8.707277070905633,34.972424,0.3288275739422165
223,2318,-85.46301816671803,34.368237,0.327191615862902
224,19000,30.837531126699844,36.37542,0.3255637968785095
225,19000,36.424420394142174,37.009575,0.3239440764960294
226,1254,-38.828882584922155,36.012703,0.3223324144239099
227,19000,40.923346344039324,37.283226,0.3207287705710547
228,2394,20.266668267844764,37.01647,0.3191331050458256
229,1976,23.75504663212834,38.666542,0.31754537815505035
230,19000,0.582380354794445,39.746483,0.3159655504030352
231,2223,31.56373678966071,38.510437,0.3143935824905823
232,19000,36.672477291571,40.163845,0.31282943531401225
233,2033,7.4416971976019965,40.14672,0.31127306996419135
234,19000,0.038582475514741754,39.63813,0.30972444772556357
235,2109,-21.22583735789904,39.57054,0.3081835300751877
236,8550,-206.8766176140246,39.87318,0.3066502786817788
237,19000,1.9067091204725586,40.22421,0.30512465540475503
238,2166,-65.46806414374556,41.80871,0.3036066222932886
239,19000,-19.59394725125944,40.54431,0.30209614158536185
240,19000,0.6350456620670577,41.08771,0.30059317570682775
241,19000,-2.692137859855597,40.72933,0.2990976872704754
242,1710,18.65314237996445,41.16964,0.29760963907509996
243,2128,17.04967673768607,41.229053,0.2961289941045771
244,19000,32.719052623991786,42.58976,0.2946557155269424
245,19000,36.77336651182604,43.135338,0.2931897666934751
246,19000,10.0852137472561,45.036903,0.29173111113778616
247,19000,36.98068780242884,43.957813,0.29027971257491164
248,19000,-35.3251808438535,44.44698,0.28883553490040964
249,19000,24.556097776695225,45.980556,0.28739854218946237
250,19000,-15.157411553904035,46.33825,0.2859686986959825
251,6099,4.503819987608125,45.949486,0.28454596885172395
252,1881,-22.23643112487565,46.677574,0.283130317265397
253,2014,8.710507310473659,47.414726,0.2817217087217881
254,19000,31.68475435665999,47.365303,0.2803201081808837
255,19000,55.67256504851853,49.814445,0.27892548077699875
256,19000,85.16366289204434,46.809296,0.2775377918179092
257,19000,-5.441823656315551,49.74371,0.2761570067839893
258,19000,-17.42667518134932,49.326546,0.27478309132735257
259,19000,75.67202374328595,50.404533,0.2734160112709976
260,2318,1.726115873814507,50.524323,0.27205573260795785
261,19000,-3.4272953941537034,51.077686,0.2707022215004556
262,1976,-46.69312422888491,49.596973,0.26935544427906033
263,3553,7.079108467632182,52.160133,0.2680153674418511
264,1368,-2.14504670136769,53.132366,0.2666819576535832
265,19000,50.303787921567995,52.190746,0.26535518174485895
266,2280,-37.416522198668886,51.896095,0.2640350067113025
267,19000,-41.06328494513403,53.456627,0.26272139971273883
268,2945,25.177276564883158,52.09785,0.26141432807237697
269,1900,-70.10843275580697,53.314903,0.260113759275997
270,19000,13.094045436144574,50.775745,0.25881966097114134
271,19000,3.97077012981371,52.744347,0.2575320009663098
272,1938,-27.40582642039338,53.692238,0.256250747230159
273,19000,-15.718270604757578,53.71122,0.2549758678907055
274,19000,0.16396768342116835,52.877907,0.2537073312345328
275,19000,63.946871211823186,55.081383,0.2524451057060028
276,19000,-8.496506511691091,55.016735,0.2511891599064705
277,1368,-38.40225064585232,55.468494,0.24993946259350303
278,2356,39.76541082415534,55.88967,0.24869598268010254
279,2508,18.088608749249403,55.523926,0.2474586892339329
280,19000,78.42746847526746,54.50521,0.24622755147655018
281,2147,-44.09741840678173,55.379433,0.24500253878263703
282,19000,24.018960797064178,55.37393,0.24378362067924086
283,1254,-10.217585987503156,56.191124,0.2425707668450158
284,19000,-9.230008127561122,55.906708,0.24136394710946849
285,19000,26.116784141997254,56.474007,0.24016313145220747
286,19000,-34.92903679550621,56.815685,0.23896829000219652
287,19000,56.18231092648782,58.309277,0.23777939303701148
288,19000,11.244915443253328,57.641094,0.236596410982101
289,19000,-27.0371779087707,57.128044,0.23541931441005076
290,19000,13.94605674262187,58.92926,0.23424807403985154
291,19000,66.19118338826604,57.24456,0.2330826607361707
292,19000,-24.031761687201413,57.715992,0.23192304550862758
293,5377,294.2865562178415,57.694695,0.23076919951107225
294,19000,-12.629896256725326,57.83297,0.22962109404086795
295,19000,24.554732210730048,57.764088,0.2284787005381771
296,19000,-38.0161862283757,57.680046,0.22734199058525087
297,19000,-12.108895102869795,58.045876,0.22621093590572228
298,19000,-72.38328259185009,57.67756,0.2250855083639028
299,19000,-39.32893343305919,60.236794,0.2239656799640824
300,19000,-19.53964343498515,59.30958,0.22285142284983325
301,12122,221.1601604175205,59.938812,0.2217427093033167
302,19000,108.96725814888968,59.97051,0.22063951174459373
303,9690,251.2816155606887,59.675426,0.21954180273093907
304,16872,148.46769450984132,60.081978,0.2184495549561583
305,19000,-7.609876990630537,60.545483,0.2173627412499088
306,19000,93.58137150715099,59.99833,0.2162813345770237
307,18335,175.68743365835672,59.15072,0.21520530803683952
308,16872,243.2333283719781,58.6858,0.2141346348625269
309,19000,17.632387348362546,60.256187,0.2130692884204248
310,19000,114.10327522292727,58.611713,0.21200924220937795
311,19000,51.83793298195014,59.627827,0.21095446986007757
312,19000,-71.76397408192624,59.30487,0.20990494513440555
313,19000,65.44434022554498,60.982166,0.20886064192478165
314,2945,25.219771429540927,60.33677,0.2078215342535141
315,19000,1.2197819284513227,59.92567,0.20678759627215335
316,10659,206.98431363405345,59.871788,0.2057588022608491
317,19000,-83.34444656059566,60.45873,0.20473512662771057
318,19000,-102.76574437156864,58.98993,0.20371654390816973
319,19000,-115.6035136021119,60.265038,0.202703028764348
320,19000,68.36244336212025,61.091515,0.2016945559844259
321,17556,-184.6935840865948,62.27395,0.20069110048201586
322,19000,-9.685170410965652,61.099964,0.19969263729553818
323,19000,69.11777744920747,63.352276,0.19869914158760021
324,17936,213.06737902732058,62.288525,0.19771058864437835
325,19000,126.69089592982505,62.480232,0.19672695387500336
326,10925,242.95837668209407,64.2807,0.19574821281094865
327,10754,202.19760986658662,63.96163,0.19477434110542155
328,11666,184.5206440238441,64.16936,0.1938053145327578
329,16055,210.58904612315746,64.17289,0.19284110898781873
330,10678,220.77475344124008,64.64635,0.1918817004853918
331,13186,249.98662259826438,66.252365,0.19092706515959385
332,19000,-28.687797459701017,63.78493,0.18997717926327748
333,18335,192.05166052061236,64.88654,0.1890320191674403
334,19000,113.51916076524287,65.848404,0.18809156136063715
335,19000,146.22748353672932,65.954575,0.1871557824483952
336,18449,152.6852603037519,66.069725,0.18622465915263206
337,9481,198.78051463889847,65.95719,0.1852981683110767
338,13471,259.7664404573085,65.89964,0.18437628687669325
339,19000,43.50717140589934,65.69985,0.18345899191710774
340,19000,138.02218533527477,66.53241,0.18254626061403756
341,19000,3.0985758773128085,66.9135,0.18163807026272397
342,19000,141.86446700833403,67.188965,0.18073439827136714
343,15922,242.82186262053523,67.35552,0.17983522216056433
344,6004,306.3905523281828,67.18943,0.1789405195627506
345,17461,198.07625483514772,67.743614,0.17805026822164238
346,19000,126.23152101702526,67.723656,0.177164445991684
347,19000,60.00923095738331,67.469215,0.17628303083749652
348,14972,244.06487770804472,68.283554,0.17540600083332988
349,3990,296.741499456929,66.59229,0.17453333416251732
350,19000,159.1079276184783,67.47488,0.17366500911693267
351,6308,264.092241116197,68.041374,0.17280100409645044
352,1919,41.10627606470683,67.51027,0.17194129760840843
353,8911,271.47467378946504,67.23338,0.1710858682670731
354,19000,156.7984673421213,68.32624,0.17023469479310757
355,15390,293.845443702545,67.58034,0.16938775601304237
356,10735,240.99608336981115,67.50067,0.16854503085874864
357,2185,33.451306632658486,66.32155,0.1677064983669141
358,1938,-2.93823556605021,67.18439,0.1668721376785215
359,3914,9.736497781059782,66.32768,0.16604192803832987
360,2033,2.2739111091532465,66.40334,0.1652158487943581
361,2660,29.59740123833754,66.67621,0.16439387939737127
362,5624,243.0696244876633,67.186424,0.16357599940036943
363,8056,247.63168113362943,67.91715,0.16276218845807905
364,19000,128.40868772471765,68.657616,0.16195242632644682
365,4332,234.97510499753875,68.526566,0.16114669286213615
366,5491,269.0923588342594,69.05724,0.16034496802202602
367,11191,242.4157426776744,69.17885,0.15954723186271247
368,7695,260.87452444387475,68.88285,0.15875346454001243
369,12445,271.88698889520106,69.13149,0.1579636463084701
370,7847,243.06393626510297,70.21212,0.1571777575208658
371,19000,98.40037097356254,69.6483,0.1563957786277272
372,7638,253.74837773422968,70.685074,0.155617690176843
373,19000,143.91657222712897,70.77028,0.1548434728127791
374,19000,114.71666797042555,70.54502,0.15407310727639714
375,19000,172.75958399818944,71.21393,0.15330657440437528
376,19000,155.29465053938264,71.977234,0.15254385512873164
377,19000,126.1873349133464,71.8821,0.15178493047634992
378,8797,298.61093465822523,71.58052,0.15102978156850738
379,18449,236.4233354863244,70.75888,0.15027838962040538
380,12958,261.12284724342885,72.17106,0.14953073594070188
381,6897,263.0881048449928,72.533615,0.14878680193104665
382,5434,257.3560780559745,72.27428,0.14804656908561858
383,12540,274.98663753343817,72.19936,0.1473100189906653
384,19000,136.3916604340845,71.40509,0.14657713332404507
385,12730,273.36646343569794,71.33677,0.14584789385477123
386,7182,210.0748509724133,71.91006,0.14512228244255845
387,16815,250.04397520424985,71.63472,0.1444002810373716
388,4465,260.4317252225962,74.721275,0.14368187167897672
389,6631,288.69349054912607,72.97529,0.14296703649649428
390,11286,275.3389191388439,73.63976,0.1422557577079545
391,9633,230.56911671436615,74.045975,0.14154801761985525
392,19000,151.4078551150769,73.32492,0.14084379862672167
393,9747,248.91272287115657,73.413284,0.14014308321066835
394,8493,291.1545957444506,74.650475,0.13944585394096354
395,4845,288.05626667968124,73.96696,0.13875209347359557
396,9671,242.29407395256192,74.48838,0.1380617845508414
397,19000,148.5097769372787,75.23982,0.1373749100008372
398,7543,266.13856562360365,74.30049,0.13669145273715147
399,7030,285.6537867829602,75.98759,0.1360113957583597
400,7695,237.1178416824124,75.793076,0.1353347221476216
401,19000,64.7543983098319,75.01805,0.13466141507226032
402,8797,273.0890019357025,75.37532,0.13399145778334362
403,6707,228.1925633297983,75.57784,0.13332483361526729
404,7676,252.26312110760347,75.43608,0.1326615259853406
405,4275,282.39387639709787,76.3337,0.13200151839337373
406,6612,228.32364864973957,74.68912,0.13134479442126742
407,9747,201.02724401349138,75.15952,0.1306913377326044
408,10944,264.01988855173437,76.12968,0.13004113207224322
409,9329,258.0236179994372,75.863464,0.12939416126591366
410,7619,247.3147177240559,76.81056,0.1287504092198146
411,4826,287.14622945357615,77.58385,0.12810985992021354
412,9956,207.68727090216623,76.21583,0.1274724974330483
413,6897,233.54670239050503,76.89225,0.12683830590353068
414,17480,271.2177136970639,77.95416,0.12620726955575193
415,13756,210.3492138740517,76.953445,0.1255793726922905
416,17461,209.58332904324493,77.14194,0.1249545996938214
417,10279,270.56958088452586,77.5544,0.12433293501872777
418,18867,151.53397093582456,76.60448,0.12371436320271421
419,1558,37.80934362917708,76.111595,0.12309886885842211
420,14383,242.4424528337663,75.9245,0.12248643667504688
421,12502,261.3162999966752,75.71916,0.12187705141795711
422,6593,261.58520211900804,75.749,0.12127069792831555
423,10792,256.2405730075351,75.4351,0.12066736112270204
424,14041,219.7024789669549,76.30408,0.12006702599273837
425,9196,230.0842542362632,75.84355,0.11946967760471482
426,17746,217.7997191537478,75.78583,0.11887530109921873
427,7163,282.08054642325834,76.32804,0.11828388169076492
428,5985,262.9423052854985,77.70691,0.1176954046674278
429,19000,143.5483297130373,77.01783,0.11710985539047543
430,17062,195.0995906526167,75.80501,0.11652721929400542
431,7752,246.86633452973834,75.07454,0.11594748188458252
432,8018,264.58133945047075,75.09763,0.11537062874087814
433,7828,242.62976260862933,75.39354,0.11479664551331159
434,8816,223.99029072589315,75.01277,0.11422551792369313
435,11362,219.27990194371208,75.46967,0.1136572317648688
436,12464,224.97970789647127,74.434875,0.11309177290036698
437,11020,217.33259859069534,74.69088,0.11252912726404676
438,11134,297.404824302815,74.57804,0.11196928085974804
439,5415,264.33300798391963,74.998856,0.11141221976094334
440,19000,113.68833819963324,73.61485,0.1108579301103914
441,4883,278.1002371915539,74.58325,0.11030639811979245
442,7771,248.219911818772,73.597206,0.10975761006944523
443,7524,280.6295240507103,73.91217,0.10921155230790572
444,6327,268.6672044035395,73.93413,0.1086682112516475
445,16321,237.1309888038778,74.54871,0.10812757338472388
446,7980,208.41771632863882,72.48863,0.10758962525843173
447,8987,259.6467526717198,73.07341,0.10705435349097686
448,9576,266.53206398494035,72.787285,0.10652174476714117
449,18354,196.04638320327444,72.422485,0.10599178583795142
450,10222,208.25412194578632,73.26703,0.10546446352034969
451,12065,228.91860375609642,72.90602,0.10493976469686538
452,3325,274.8610883684589,72.732864,0.10441767631528895
453,13509,250.49716601674598,72.420456,0.10389818538834722
454,5130,264.22815097807677,73.68934,0.10338127899338033
455,4503,306.27589062623724,73.47288,0.10286694427202024
456,8797,225.28517409778712,72.929886,0.1023551684298709
457,10545,255.72448709195154,72.61251,0.10184593873618997
458,5871,288.8793029943799,73.29674,0.10133924252357211
459,5852,238.40260217237395,72.99461,0.10083506718763395
460,6593,255.56568021862162,73.3339,0.10033340018670046
461,4180,277.4302341847147,73.96371,0.09983422904149301
462,6764,233.85260172231617,74.23078,0.09933754133481892
463,6821,294.62073224493713,74.68788,0.09884332471126261
464,6441,238.94913250554058,74.54404,0.09835156687687824
465,3477,277.79795694870626,73.75902,0.09786225559888383
466,14535,215.86536387307171,73.909996,0.09737537870535705
467,6384,275.3564317775192,74.73106,0.0968909240849324
468,4598,266.06069200968625,74.01466,0.09640887968649992
469,7277,264.87170485884224,74.73753,0.0959292335189054
470,6118,270.1580821593131,74.68564,0.09545197365065214
471,5890,304.5332969747144,74.393875,0.09497708820960413
472,7828,225.74994010926366,74.05141,0.09450456538269068
473,5871,257.4963226119762,73.550674,0.09403439341561264
474,8778,263.7853381540068,74.045265,0.09356656061254989
475,8360,250.36652234236794,73.60378,0.09310105533587056
476,4655,263.867859110845,73.69582,0.09263786600584135
477,7923,299.73476542586786,72.98703,0.09217698110033967
478,6460,276.55181021476716,72.99967,0.09171838915456684
479,5111,261.84012610153707,72.72246,0.09126207876076303
480,7011,249.86823294788317,73.14249,0.09080803856792342
481,8645,227.5071159525636,72.283226,0.09035625728151585
482,6460,264.48904953530223,71.82643,0.08990672366319986
483,5396,250.16815649969982,72.011856,0.08945942653054714
484,5035,284.26066175658605,72.47597,0.08901435475676334
485,5985,279.24356577639367,71.88503,0.08857149727041129
486,5985,252.16112498798424,71.72141,0.08813084305513562
487,6213,301.92563387201164,72.82918,0.08769238114938868
488,4313,16.6477728185329,72.28111,0.08725610064615791
489,4142,-347.5058289055792,72.709335,0.08682199069269445
490,19000,142.81956614402978,73.25569,0.08639004049024324
491,6688,289.2325584122166,72.29732,0.08596023929377437
492,3097,18.90661982295167,72.12711,0.0855325764117158
493,4351,279.8561160294812,72.58122,0.08510704120568738
494,4731,266.3877664208326,72.83949,0.0846836230902362
495,5339,262.20683371946336,72.367,0.08426231153257335
496,2565,-8.698097869934472,72.722336,0.0838430960523118
497,4066,260.5217528951499,72.56225,0.08342596622120578
498,4313,14.654597614376058,72.878395,0.08301091166289133
499,7391,259.802193194177,73.46415,0.0825979220526282
500,10070,251.33479515495276,72.444725,0.08218698711704299
501,7866,278.57483761231225,72.20976,0.08177809663387363
502,3040,-338.05692374391236,72.29964,0.08137124043171506
503,5662,301.2791473301759,72.18341,0.08096640838976624
504,3990,252.62666259897017,73.01197,0.08056359043757835
505,3439,276.3122845417109,72.29098,0.08016277655480435
506,5605,265.53381557253897,72.35326,0.0797639567709496
507,6669,249.93567114111244,73.37866,0.079367121165124
508,6688,280.8205198990719,73.457985,0.07897225986579504
509,7847,258.5016697788724,73.29494,0.07857936305054233
510,3572,239.8881500776647,73.43425,0.07818842094581327
511,2489,20.502093973099065,73.215485,0.07779942382667988
512,3762,22.728114912129158,72.756775,0.0774123620165969
513,6441,237.30574342361422,72.41292,0.0770272258871611
514,4370,259.9027028646209,72.61338,0.07664400585787175
515,2185,20.752541792978562,73.07888,0.0762626923958923
516,4484,248.61152166912044,72.626366,0.07588327601581324
517,4940,241.89104383986034,72.63984,0.07550574727941617
518,16777,201.67112537485679,72.90983,0.07513009679543899
519,3838,266.6828498237918,72.52392,0.07475631521934228
520,5548,267.8929563781977,73.762596,0.07438439325307691
521,3496,259.4592699919667,73.207726,0.07401432164485265
522,2755,34.24738029462253,72.1848,0.07364609118890812
523,7619,267.28704688611174,73.628815,0.07327969272528172
524,16777,211.6907549354871,72.08325,0.0729151171395838
525,5586,233.28944333483292,73.18471,0.07255235536276997
526,3762,272.0020913167201,73.04253,0.0721913983709154
527,3553,250.43136319712679,72.74258,0.07183223718499046
528,3382,285.9502726863092,72.36503,0.07147486287063728
529,3458,270.06058814335574,72.43721,0.07111926653794755
530,1995,-304.66982971187576,72.2006,0.07076543934124135
531,8360,194.6579027881947,71.66856,0.07041337247884713
532,3781,261.37504854296634,71.35146,0.07006305719288272
533,7068,288.0383341833111,70.199974,0.06971448476903754
534,4826,247.98420894149115,71.47294,0.06936764653635577
535,6726,303.5526570942076,71.01236,0.06902253386702067
536,4446,275.5345292620933,71.021835,0.06867913817613998
537,3952,272.8279866383258,71.560265,0.06833745092153233
538,6688,248.07049999701755,70.76049,0.06799746360351476
539,3382,269.9372683497127,70.697495,0.06765916776469132
540,4161,270.1939926461281,70.48571,0.06732255498974261
541,19000,71.37985211990895,69.69096,0.06698761690521654
542,3249,301.45871568873616,71.136345,0.06665434517931995
543,6669,255.42976467705293,70.92672,0.0663227315217114
544,9120,242.73278399930103,71.122604,0.06599276768329494
545,4769,261.5107450639041,71.35714,0.06566444545601488
546,3629,-33.94077528581427,70.60112,0.06533775667265163
547,18658,224.24144357384887,71.82442,0.06501269320661854
548,11020,196.03818356423014,70.83766,0.06468924697175975
549,11571,244.29598768302156,70.51286,0.06436740992214901
550,7885,241.54053951447216,70.60679,0.06404717405188957
551,6631,230.82496660948328,70.33595,0.06372853139491501
552,7752,283.8614358939246,70.55045,0.06341147402479105
553,2565,61.782810115747,70.694435,0.06309599405451846
554,4845,247.6993308799206,70.8969,0.06278208363633679
555,2565,25.902429770169107,71.18587,0.062469734961529154
556,4427,273.5795521158115,70.109825,0.06215894026022802
557,5947,279.88986674135305,70.10917,0.06184969180122192
558,19000,68.75223101764912,69.63041,0.06154198189176311
559,5206,225.23647855361628,69.57394,0.06123580287737623
560,4256,246.69190910060357,69.47567,0.0609311471416679
561,9880,248.80062968014357,70.05196,0.060628007106137215
562,4674,289.2983481779103,70.13196,0.06032637522998729
563,3819,283.7347691366694,70.21019,0.060026244009937606
564,4845,279.2732765013082,69.9009,0.05972760598003742
565,7999,-9.40858342541928,70.0198,0.05943045371148003
566,15884,238.80892278032746,70.43119,0.059134779812417944
567,2394,26.4988910027173,69.68111,0.058840576927779054
568,9006,198.52189489877264,70.332016,0.05854783773908364
569,9177,209.86105945699984,70.51274,0.05825655496426233
570,5187,292.22099878258484,70.302895,0.057966721357474965
571,6099,247.70748464857715,70.3141,0.05767832970893032
572,2622,-26.36935520979587,70.51123,0.05739137284470679
573,4940,273.66047744668117,70.59664,0.05710584362657392
574,6460,220.12819095425544,70.22542,0.056821734951814855
575,3401,274.33203181936824,70.51164,0.056539039753049615
576,5244,280.2563242862193,70.90105,0.056257750998059325
577,3591,260.5572126521722,70.55412,0.055977861689611275
578,7011,283.1215148017344,70.12838,0.05569936486528486
579,5434,281.1857899289545,70.39516,0.055422253597298375
580,3648,265.30435867227334,70.260826,0.055146520992336696
581,4997,261.71243119692883,69.46043,0.054872160191379804
582,3059,51.780575304473786,69.56645,0.05459916436953215
583,6650,243.35539067011342,69.59929,0.05432752673585289
584,10013,205.7102337630452,69.95271,0.05405724053318696
585,2584,12.907262279797123,69.026146,0.05378829903799698
586,5928,238.14954768517424,69.90871,0.053520695560196
587,4275,296.4887188042861,69.7316,0.0532544234429811
588,4864,218.94538989960796,69.09474,0.05298947606266777
589,1976,11.124249890458103,69.21483,0.052725846828525144
590,10488,241.00544194866097,68.630394,0.05246352918261209
591,3591,305.2939632620902,69.59713,0.05220251659961402
592,2888,31.214875686568945,68.82893,0.051942802586680624
593,13908,179.26338169763838,69.660446,0.05168438068326431
594,6194,275.9274343441614,69.35749,0.05142724446095952
595,6175,231.97440335294684,69.16828,0.05117138752334281
596,5187,280.3876921553732,69.51009,0.05091680350581375
597,5795,291.42004512259797,69.2736,0.050663486075436574
598,9994,231.0923664912573,70.49371,0.05041142893078267
599,3059,20.567080618969214,69.67636,0.0501606258017738
